01_tetrahedron_52_0-167-E,TCTGGAAGTTTAGTAGTAGCATTGTTTACCAAAAGTACGGTG
01_tetrahedron_52_0-157-E,TCATTCCATAATTCTACTAA
01_tetrahedron_52_1-409-V,TCAGAAGCAAATTTTTGCGGATTGCAACATGTTTTAATTTTTATATGCAACTGACGACGATAATTTTTAAACCAAAAT
01_tetrahedron_52_1-583-E,TTTGCAAAAGTCTTTACCCTGACTATTATAGAGCGAGAGGCT
01_tetrahedron_52_1-573-E,AAGTTTTGCCAAAAATCAGG
01_tetrahedron_52_2-312-E,AAGCAAACGAGCTTCAAAGCGAACTTTAAAC
01_tetrahedron_52_2-469-E,AGTTCAGAATCCCCCTCAAATGCCAGACCGG
01_tetrahedron_52_3-357-V,TCAAATATCGCTTTTTGTTTTAATTCTCCAACAGGTCTTTTTAGGATTAGAGCATTTTTGCGGTTTTTATGGCTTAGA
01_tetrahedron_52_3-377-E,AAGAGGAAGCTGAATATAATGCTGTAGCTCATCAAAAAGATT
01_tetrahedron_52_3-367-E,CCGAAAGACTGCTTAATTGC
01_tetrahedron_52_4-512-V,ATCGTCATAAATTTTTTATTCATTGAAAACGAGAATGTTTTTACCATAAATCAGAGGGGGTAATTTTTTAGTAAAATG
01_tetrahedron_52_4-51-E,TTGGGGCGTAACCTGTTTAGCTATGTCCAAT
01_tetrahedron_52_4-520-E,ACTGCGGATTTAGACTGGATAGCATTTTCAT
01_tetrahedron_52_5-96-V,ATACATTTCGCTTTTTAAATGGTCAACGAGCTGAAAATTTTTGGTGGCATCATAACAGTTGATTTTTTTCCCAATTCT
01_tetrahedron_52_5-259-E,TAAGAGGTAGTACCTTTAATTGCTTAGTTTG
01_tetrahedron_52_5-104-E,ACCATTAGGCGAACGAGTAGATTCCTTTTGA
None,None
full_M13_(0-623),AATGCTACTACTATTAGTAGAATTGATGCCACCTTTTCAGCTCGCGCCCCAAATGAAAATATAGCTAAACAGGTTATTGACCATTTGCGAAATGTATCTAATGGTCAAACTAAATCTACTCGTTCGCAGAATTGGGAATCAACTGTTATATGGAATGAAACTTCCAGACACCGTACTTTAGTTGCATATTTAAAACATGTTGAGCTACAGCATTATATTCAGCAATTAAGCTCTAAGCCATCCGCAAAAATGACCTCTTATCAAAAGGAGCAATTAAAGGTACTCTCTAATCCTGACCTGTTGGAGTTTGCTTCCGGTCTGGTTCGCTTTGAAGCTCGAATTAAAACGCGATATTTGAAGTCTTTCGGGCTTCCTCTTAATCTTTTTGATGCAATCCGCTTTGCTTCTGACTATAATAGTCAGGGTAAAGACCTGATTTTTGATTTATGGTCATTCTCGTTTTCTGAACTGTTTAAAGCATTTGAGGGGGATTCAATGAATATTTATGACGATTCCGCAGTATTGGACGCTATCCAGTCTAAACATTTTACTATTACCCCCTCTGGCAAAACTTCTTTTGCAAAAGCCTCTCGCTATTTTGGTTTTTATCGTCGTCTGGTAAAC
