02_cube_52_0-1239-V,ACGAAAGAGGCTTTTTAAAAGAATACTGGGCTTGAGATTTTTTGGTTTAATTAAAGGAATTACTTTTTGAGGCATAGT
02_cube_52_0-636-E,TATCATAACCTAGTAGTAGCATTAACCTAAAAAGAGCAACAC
02_cube_52_0-626-E,CTCGTTTACCATTCTACTAA
02_cube_52_1-43-V,CGAGCTGAAAATTTTTGGTGGCATCAAGACGACGATATTTTTAAAACCAAAACAGAAGCAAAGTTTTTCGGATTGCAT
02_cube_52_1-376-E,AGAGGAAGCCGCTATATTTTCATTTGGGGCGCAAAAAGATTA
02_cube_52_1-366-E,CGAAAGACTTAACCTGTTTA
02_cube_52_2-95-V,TACATTTCGCATTTTTAATGGTCAATCAAATATCGCGTTTTTTTTTAATTCGAACAGTTGATTTTTTTCCCAATTCTG
02_cube_52_2-1142-E,CTGATAAATACAACGGAGATTTGTAGTTTGA
02_cube_52_2-103-E,CCATTAGACGAACGAGTAGATTTATCATCGC
02_cube_52_3-928-V,ATTCAGTGAATTTTTTAAGGCTTGCCTATACCAAGCGTTTTTCGAAACAAAGTTGTGTCGAAATTTTTTCCGCGACCT
02_cube_52_3-1102-E,CTTAGCCGGAATCAACGTAACAAAGCTGCTCGCTCCATGTTA
02_cube_52_3-1092-E,ACGAGGCGCACATTACCCAA
02_cube_52_4-980-V,TCTTGACAAGATTTTTACCGGATATTGACGGTCAATCTTTTTATAAGGGAACGAACGGTGTACTTTTTAGACCAGGCG
02_cube_52_4-779-E,AAAATCTAATACCAGTCAGGACGTCTTCATC
02_cube_52_4-988-E,AAGAGTAACATAGGCTGGCTGACTGGGAAGA
02_cube_52_5-1207-E,CATCTTTGACACACCAGAACGAGTAGTAAATACTAAAACACT
02_cube_52_5-1197-E,CCCCAGCGATCTGACGAGAA
02_cube_52_6-844-E,CATTGTGAATTAATGCAGATACATAACGCCATCAACTTTAAT
02_cube_52_6-834-E,TACCTTATGCCACATTCAAC
02_cube_52_7-720-V,TCAGTTGAGATTTTTTTTAGGAATACGATTTTAAGAATTTTTCTGGCTCATTCGTTAATAAAATTTTTCGAACTAACG
02_cube_52_7-519-E,CTGCGGAAGTTTAGACTGGATAGCAGGTAGA
02_cube_52_7-728-E,AAGATTCAGAACAACATTATTACGTCCAATA
02_cube_52_8-584-E,TTTTGCAAAACTTTACCCTGACTATTATAGTTAGCGAGAGGC
02_cube_52_8-574-E,GAAGTTTTGCAAAATCAGGT
02_cube_52_9-460-V,AACGAGAATGATTTTTCCATAAATCACAGAGGGGGTATTTTTATAGTAAAATTCGTCATAAATTTTTTATTCATTGAA
02_cube_52_9-259-E,TAAGAGGTAGTACCTTTAATTGCTTTAAACA
02_cube_52_9-468-E,GTTCAGAATCCCCCTCAAATGCTCCTTTTGA
02_cube_52_10-304-V,TCCAACAGGTCTTTTTAGGATTAGAGCATTTTTGCGGTTTTTATGGCTTAGACATGTTTTAAATTTTTTATGCAACTA
02_cube_52_10-324-E,GAACCAGACCTCTGGAAGTTTCATTCCATATAGCTTCAAAGC
02_cube_52_10-314-E,GGAAGCAAACAAGTACGGTG
02_cube_52_11-206-E,TAGCTCAAGCTTAATTGCTGAATATGAAAGA
02_cube_52_11-1039-E,GGACAGATCGAACTGACCAACTTTAATGCTG
None,None
full_M13_(0-1247),AATGCTACTACTATTAGTAGAATTGATGCCACCTTTTCAGCTCGCGCCCCAAATGAAAATATAGCTAAACAGGTTATTGACCATTTGCGAAATGTATCTAATGGTCAAACTAAATCTACTCGTTCGCAGAATTGGGAATCAACTGTTATATGGAATGAAACTTCCAGACACCGTACTTTAGTTGCATATTTAAAACATGTTGAGCTACAGCATTATATTCAGCAATTAAGCTCTAAGCCATCCGCAAAAATGACCTCTTATCAAAAGGAGCAATTAAAGGTACTCTCTAATCCTGACCTGTTGGAGTTTGCTTCCGGTCTGGTTCGCTTTGAAGCTCGAATTAAAACGCGATATTTGAAGTCTTTCGGGCTTCCTCTTAATCTTTTTGATGCAATCCGCTTTGCTTCTGACTATAATAGTCAGGGTAAAGACCTGATTTTTGATTTATGGTCATTCTCGTTTTCTGAACTGTTTAAAGCATTTGAGGGGGATTCAATGAATATTTATGACGATTCCGCAGTATTGGACGCTATCCAGTCTAAACATTTTACTATTACCCCCTCTGGCAAAACTTCTTTTGCAAAAGCCTCTCGCTATTTTGGTTTTTATCGTCGTCTGGTAAACGAGGGTTATGATAGTGTTGCTCTTACTATGCCTCGTAATTCCTTTTGGCGTTATGTATCTGCATTAGTTGAATGTGGTATTCCTAAATCTCAACTGATGAATCTTTCTACCTGTAATAATGTTGTTCCGTTAGTTCGTTTTATTAACGTAGATTTTTCTTCCCAACGTCCTGACTGGTATAATGAGCCAGTTCTTAAAATCGCATAAGGTAATTCACAATGATTAAAGTTGAAATTAAACCATCTCAAGCCCAATTTACTACTCGTTCTGGTGTTTCTCGTCAGGGCAAGCCTTATTCACTGAATGAGCAGCTTTGTTACGTTGATTTGGGTAATGAATATCCGGTTCTTGTCAAGATTACTCTTGATGAAGGTCAGCCAGCCTATGCGCCTGGTCTGTACACCGTTCATCTGTCCTCTTTCAAAGTTGGTCAGTTCGGTTCCCTTATGATTGACCGTCTGCGCCTCGTTCCGGCTAAGTAACATGGAGCAGGTCGCGGATTTCGACACAATTTATCAGGCGATGATACAAATCTCCGTTGTACTTTGTTTCGCGCTTGGTATAATCGCTGGGGGTCAAAGATGAGTGTTTTAGTGTATTCTTTTGCCTCTTTCGTTTTAGGTT
